submission_date,state,tot_cases,conf_cases,prob_cases,new_case,pnew_case,tot_death,conf_death,prob_death,new_death,pnew_death,created_at,consent_cases,consent_deaths
02/01/2020,FL,0,,,0,,0,,,0,,03/26/2020 04:22:39 PM,Not agree,Not agree
03/01/2020,FL,0,,,0,,0,,,0,,03/26/2020 04:22:39 PM,Not agree,Not agree
02/02/2020,FL,0,,,0,,0,,,0,,03/26/2020 04:22:39 PM,Not agree,Not agree
02/03/2020,FL,0,,,0,,0,,,0,,03/26/2020 04:22:39 PM,Not agree,Not agree
02/04/2020,FL,0,,,0,,0,,,0,,03/26/2020 04:22:39 PM,Not agree,Not agree
03/04/2020,FL,2,,,0,,0,,,0,,03/26/2020 04:22:39 PM,Not agree,Not agree
02/05/2020,FL,0,,,0,,0,,,0,,03/26/2020 04:22:39 PM,Not agree,Not agree
02/06/2020,FL,0,,,0,,0,,,0,,03/26/2020 04:22:39 PM,Not agree,Not agree
03/06/2020,FL,3,,,0,,0,,,0,,03/26/2020 04:22:39 PM,Not agree,Not agree
02/07/2020,FL,0,,,0,,0,,,0,,03/26/2020 04:22:39 PM,Not agree,Not agree
02/08/2020,FL,0,,,0,,0,,,0,,03/26/2020 04:22:39 PM,Not agree,Not agree
03/08/2020,FL,6,,,0,,0,,,0,,03/26/2020 04:22:39 PM,Not agree,Not agree
02/09/2020,FL,0,,,0,,0,,,0,,03/26/2020 04:22:39 PM,Not agree,Not agree
02/10/2020,FL,0,,,0,,0,,,0,,03/26/2020 04:22:39 PM,Not agree,Not agree
03/10/2020,FL,19,,,0,,2,,,0,,03/26/2020 04:22:39 PM,Not agree,Not agree
10/10/2020,FL,720001,,,0,0,15186,,,0,0,10/11/2020 13:47,Not agree,Not agree
02/11/2020,FL,0,,,0,,0,,,0,,03/26/2020 04:22:39 PM,Not agree,Not agree
02/12/2020,FL,0,,,0,,0,,,0,,03/26/2020 04:22:39 PM,Not agree,Not agree
01/22/2020,FL,0,,,0,,0,,,0,,03/26/2020 04:22:39 PM,Not agree,Not agree
01/23/2020,FL,0,,,0,,0,,,0,,03/26/2020 04:22:39 PM,Not agree,Not agree
01/24/2020,FL,0,,,0,,0,,,0,,03/26/2020 04:22:39 PM,Not agree,Not agree
01/25/2020,FL,0,,,0,,0,,,0,,03/26/2020 04:22:39 PM,Not agree,Not agree
01/26/2020,FL,0,,,0,,0,,,0,,03/26/2020 04:22:39 PM,Not agree,Not agree
01/27/2020,FL,0,,,0,,0,,,0,,03/26/2020 04:22:39 PM,Not agree,Not agree
01/28/2020,FL,0,,,0,,0,,,0,,03/26/2020 04:22:39 PM,Not agree,Not agree
01/29/2020,FL,0,,,0,,0,,,0,,03/26/2020 04:22:39 PM,Not agree,Not agree
01/30/2020,FL,0,,,0,,0,,,0,,03/26/2020 04:22:39 PM,Not agree,Not agree
01/31/2020,FL,0,,,0,,0,,,0,,03/26/2020 04:22:39 PM,Not agree,Not agree
02/13/2020,FL,0,,,0,,0,,,0,,03/26/2020 04:22:39 PM,Not agree,Not agree
02/14/2020,FL,0,,,0,,0,,,0,,03/26/2020 04:22:39 PM,Not agree,Not agree
02/15/2020,FL,0,,,0,,0,,,0,,03/26/2020 04:22:39 PM,Not agree,Not agree
02/16/2020,FL,0,,,0,,0,,,0,,03/26/2020 04:22:39 PM,Not agree,Not agree
02/17/2020,FL,0,,,0,,0,,,0,,03/26/2020 04:22:39 PM,Not agree,Not agree
02/18/2020,FL,0,,,0,,0,,,0,,03/26/2020 04:22:39 PM,Not agree,Not agree
02/19/2020,FL,0,,,0,,0,,,0,,03/26/2020 04:22:39 PM,Not agree,Not agree
02/20/2020,FL,0,,,0,,0,,,0,,03/26/2020 04:22:39 PM,Not agree,Not agree
02/21/2020,FL,0,,,0,,0,,,0,,03/26/2020 04:22:39 PM,Not agree,Not agree
02/22/2020,FL,0,,,0,,0,,,0,,03/26/2020 04:22:39 PM,Not agree,Not agree
02/23/2020,FL,0,,,0,,0,,,0,,03/26/2020 04:22:39 PM,Not agree,Not agree
02/24/2020,FL,0,,,0,,0,,,0,,03/26/2020 04:22:39 PM,Not agree,Not agree
02/25/2020,FL,0,,,0,,0,,,0,,03/26/2020 04:22:39 PM,Not agree,Not agree
02/26/2020,FL,0,,,0,,0,,,0,,03/26/2020 04:22:39 PM,Not agree,Not agree
02/27/2020,FL,0,,,0,,0,,,0,,03/26/2020 04:22:39 PM,Not agree,Not agree
02/28/2020,FL,0,,,0,,0,,,0,,03/26/2020 04:22:39 PM,Not agree,Not agree
02/29/2020,FL,0,,,0,,0,,,0,,03/26/2020 04:22:39 PM,Not agree,Not agree
03/13/2020,FL,31,,,0,,2,,,0,,03/26/2020 04:22:39 PM,Not agree,Not agree
12/25/2020,FL,1226530,,,0,8252,20995,,,0,20,12/26/2020 02:34:18 PM,Not agree,Not agree
03/02/2020,FL,1,,,1,,0,,,0,,03/26/2020 04:22:39 PM,Not agree,Not agree
03/03/2020,FL,2,,,1,,0,,,0,,03/26/2020 04:22:39 PM,Not agree,Not agree
03/05/2020,FL,3,,,1,,0,,,0,,03/26/2020 04:22:39 PM,Not agree,Not agree
03/07/2020,FL,6,,,3,,0,,,0,,03/26/2020 04:22:39 PM,Not agree,Not agree
03/12/2020,FL,31,,,5,,2,,,0,,03/26/2020 04:22:39 PM,Not agree,Not agree
03/11/2020,FL,26,,,7,,2,,,0,,03/26/2020 04:22:39 PM,Not agree,Not agree
05/04/2020,FL,36897,,,928,0,1399,,,0,0,05/05/2020 17:25,Not agree,Not agree
05/11/2020,FL,40982,,,1094,0,1735,,,0,0,05/12/2020 17:26,Not agree,Not agree
03/16/2020,FL,142,,,6,,5,,,1,,03/26/2020 04:22:39 PM,Not agree,Not agree
03/14/2020,FL,55,,,24,,3,,,1,,03/26/2020 04:22:39 PM,Not agree,Not agree
03/15/2020,FL,136,,,81,,4,,,1,,03/26/2020 04:22:39 PM,Not agree,Not agree
03/19/2020,FL,393,,,94,,9,,,1,,03/26/2020 04:22:39 PM,Not agree,Not agree
03/18/2020,FL,299,,,104,,8,,,1,,03/26/2020 04:22:39 PM,Not agree,Not agree
03/21/2020,FL,706,,,196,,12,,,1,,03/26/2020 04:22:39 PM,Not agree,Not agree
03/22/2020,FL,937,,,231,,13,,,1,,03/26/2020 04:22:39 PM,Not agree,Not agree
03/09/2020,FL,19,,,13,,2,,,2,,03/26/2020 04:22:39 PM,Not agree,Not agree
03/17/2020,FL,195,,,53,,7,,,2,,03/26/2020 04:22:39 PM,Not agree,Not agree
03/20/2020,FL,510,,,117,,11,,,2,,03/26/2020 04:22:39 PM,Not agree,Not agree
03/24/2020,FL,1373,,,232,,20,,,3,,03/26/2020 04:22:39 PM,Not agree,Not agree
03/25/2020,FL,1861,,,488,,23,,,3,,03/26/2020 04:22:39 PM,Not agree,Not agree
03/23/2020,FL,1141,,,204,,17,,,4,,03/26/2020 04:22:39 PM,Not agree,Not agree
05/31/2020,FL,54764,,,735,0,2451,,,4,0,06/01/2020 14:17,Not agree,Not agree
05/24/2020,FL,50867,,,740,0,2237,,,4,0,05/25/2020 02:12:49 PM,Not agree,Not agree
03/29/2020,FL,4768,,,891,,60,,,4,,03/28/2020 04:22:39 PM,Not agree,Not agree
09/28/2020,FL,692962,,,728,49,14037,,,5,-1,09/29/2020 01:50:42 PM,Not agree,Not agree
03/26/2020,FL,2352,,,491,,29,,,6,,03/26/2020 04:22:39 PM,Not agree,Not agree
06/14/2020,FL,73650,,,2061,0,2931,,,6,0,06/15/2020 02:33:03 PM,Not agree,Not agree
05/26/2020,FL,52255,,,509,0,2259,,,7,0,05/27/2020 03:37:59 PM,Not agree,Not agree
06/15/2020,FL,75388,,,1738,0,2938,,,7,0,06/16/2020 02:10:11 PM,Not agree,Not agree
09/13/2020,FL,656485,,,2395,79,12608,,,8,0,09/14/2020 02:01:21 PM,Not agree,Not agree
04/25/2020,FL,29996,,,289,0,1055,,,9,0,05/25/2020 03:38:40 PM,Not agree,Not agree
06/01/2020,FL,55415,,,651,0,2460,,,9,0,06/02/2020 14:16,Not agree,Not agree
05/17/2020,FL,45588,,,777,0,1973,,,9,0,05/18/2020 04:01:54 PM,Not agree,Not agree
09/20/2020,FL,675691,,,2497,138,13296,,,9,1,09/21/2020 01:47:41 PM,Not agree,Not agree
03/28/2020,FL,3877,,,823,,56,,,10,,03/28/2020 04:22:39 PM,Not agree,Not agree
09/27/2020,FL,692234,,,1847,144,14032,,,10,0,09/28/2020 01:50:59 PM,Not agree,Not agree
03/30/2020,FL,5489,,,721,,71,,,11,,03/29/2020 04:22:39 PM,Not agree,Not agree
06/08/2020,FL,63378,,,962,0,2712,,,12,0,06/09/2020 16:49,Not agree,Not agree
06/07/2020,FL,62416,,,1170,0,2700,,,12,0,06/08/2020 14:55,Not agree,Not agree
10/25/2020,FL,768653,,,2348,419,16429,,,12,0,10/26/2020 01:41:41 PM,Not agree,Not agree
06/22/2020,FL,98047,,,2908,0,3173,,,12,0,06/23/2020 02:28:19 PM,Not agree,Not agree
04/27/2020,FL,31290,,,610,0,1088,,,14,0,05/25/2020 03:38:40 PM,Not agree,Not agree
03/31/2020,FL,6490,,,1001,,85,,,14,,03/30/2020 04:22:39 PM,Not agree,Not agree
08/30/2020,FL,614753,,,2547,325,11119,,,14,2,08/31/2020 02:05:56 PM,Not agree,Not agree
05/25/2020,FL,51746,,,879,0,2252,,,15,0,05/26/2020 02:23:02 PM,Not agree,Not agree
04/12/2020,FL,19337,,,892,,461,,,15,,04/11/2020 16:22,Not agree,Not agree
04/01/2020,FL,7495,,,1005,,101,,,16,,03/31/2020 04:22:39 PM,Not agree,Not agree
03/27/2020,FL,3054,,,702,,46,,,17,,03/26/2020 04:22:39 PM,Not agree,Not agree
06/21/2020,FL,95139,,,3469,0,3161,,,17,0,06/22/2020 03:24:02 PM,Not agree,Not agree
07/04/2020,FL,187090,,,11372,698,3702,,,18,1,07/05/2020 15:00,Not agree,Not agree
11/27/2020,FL,963751,,,0,-188,18363,,,19,1,11/28/2020 02:46:47 PM,Not agree,Not agree
04/26/2020,FL,30680,,,684,0,1074,,,19,0,05/25/2020 03:38:40 PM,Not agree,Not agree
05/10/2020,FL,39888,,,0,0,1735,,,20,0,05/11/2020 21:26,Not agree,Not agree
10/26/2020,FL,771989,,,3336,512,16449,,,20,1,10/27/2020 01:47:53 PM,Not agree,Not agree
09/21/2020,FL,677362,,,1671,5,13317,,,21,-1,09/22/2020 01:51:57 PM,Not agree,Not agree
11/08/2020,FL,832525,,,6619,0,17121,,,21,0,11/09/2020 14:38,Not agree,Not agree
04/18/2020,FL,24797,,,731,,748,,,22,,04/18/2020 04:22:39 PM,Not agree,Not agree
09/07/2020,FL,640978,,,1812,64,11871,,,22,0,09/08/2020 14:47,Not agree,Not agree
05/18/2020,FL,46442,,,854,0,1997,,,24,0,05/19/2020 03:45:23 PM,Not agree,Not agree
06/27/2020,FL,130092,,,9518,0,3390,,,24,0,06/28/2020 02:59:02 PM,Not agree,Not agree
04/04/2020,FL,11173,,,1248,,195,,,25,,04/03/2020 16:22,Not agree,Not agree
06/17/2020,FL,80676,,,2548,0,3018,,,25,0,06/18/2020 05:16:14 PM,Not agree,Not agree
04/05/2020,FL,11961,,,788,,221,,,26,,04/04/2020 16:22,Not agree,Not agree
04/19/2020,FL,25598,,,801,0,774,,,26,0,04/19/2020 04:22:39 PM,Not agree,Not agree
04/03/2020,FL,9925,,,1231,,170,,,26,,04/03/2020 16:22,Not agree,Not agree
04/08/2020,FL,15234,,,932,,323,,,27,,04/07/2020 16:22,Not agree,Not agree
04/11/2020,FL,18445,,,997,,446,,,27,,04/10/2020 16:22,Not agree,Not agree
06/06/2020,FL,61246,,,1253,0,2688,,,28,0,06/07/2020 14:23,Not agree,Not agree
11/01/2020,FL,796802,,,4805,-431,16789,,,28,0,11/02/2020 14:53,Not agree,Not agree
06/29/2020,FL,143805,,,5238,0,3447,,,28,0,06/30/2020 03:27:33 PM,Not agree,Not agree
06/12/2020,FL,69341,,,1885,0,2877,,,29,0,06/13/2020 05:46:26 PM,Not agree,Not agree
06/28/2020,FL,138567,,,8475,0,3419,,,29,0,06/29/2020 02:37:31 PM,Not agree,Not agree
11/15/2020,FL,872810,,,9820,3502,17518,,,29,1,11/16/2020 06:40:02 PM,Not agree,Not agree
07/05/2020,FL,197076,,,9986,0,3731,,,29,-1,07/06/2020 15:16,Not agree,Not agree
11/04/2020,FL,810256,,,4332,1097,16922,,,32,1,11/05/2020 14:39,Not agree,Not agree
04/06/2020,FL,13214,,,1253,,254,,,33,,04/05/2020 16:22,Not agree,Not agree
05/30/2020,FL,54029,,,915,0,2447,,,34,0,05/31/2020 02:43:17 PM,Not agree,Not agree
09/14/2020,FL,658203,,,1718,99,12642,,,34,0,09/15/2020 02:03:59 PM,Not agree,Not agree
05/03/2020,FL,35969,,,506,0,1399,,,35,0,05/04/2020 22:49,Not agree,Not agree
07/13/2020,FL,278667,,,12548,170,4277,,,35,0,07/14/2020 03:13:07 PM,Not agree,Not agree
06/03/2020,FL,57293,,,1292,0,2566,,,36,0,06/04/2020 15:03,Not agree,Not agree
06/10/2020,FL,65779,,,1331,0,2801,,,36,0,06/11/2020 14:48,Not agree,Not agree
04/13/2020,FL,20394,,,1057,,499,,,38,,04/12/2020 16:22,Not agree,Not agree
09/06/2020,FL,639166,,,2513,158,11849,,,38,2,09/07/2020 13:37,Not agree,Not agree
11/05/2020,FL,816376,,,6120,1534,16961,,,39,0,11/06/2020 15:33,Not agree,Not agree
06/26/2020,FL,120574,,,8850,0,3366,,,39,0,06/27/2020 05:51:58 PM,Not agree,Not agree
06/20/2020,FL,91670,,,4027,0,3144,,,40,0,06/21/2020 02:32:57 PM,Not agree,Not agree
11/21/2020,FL,918240,,,8175,1868,17930,,,40,5,11/22/2020 03:02:23 PM,Not agree,Not agree
10/05/2020,FL,709156,,,1405,54,14712,,,41,1,10/06/2020 13:33,Not agree,Not agree
06/04/2020,FL,58701,,,1408,0,2607,,,41,0,06/05/2020 15:17,Not agree,Not agree
10/31/2020,FL,791997,,,2283,594,16761,,,41,0,11/01/2020 15:03,Not agree,Not agree
11/16/2020,FL,877340,,,4530,692,17559,,,41,2,11/17/2020 02:52:47 PM,Not agree,Not agree
05/15/2020,FL,42940,,,0,0,1917,,,42,0,05/16/2020 03:46:44 PM,Not agree,Not agree
04/07/2020,FL,14302,,,1088,,296,,,42,,04/07/2020 16:22,Not agree,Not agree
05/23/2020,FL,50127,,,676,0,2233,,,43,0,05/24/2020 02:15:55 PM,Not agree,Not agree
04/15/2020,FL,21865,,,881,,614,,,43,,04/15/2020 04:22:39 PM,Not agree,Not agree
04/02/2020,FL,8694,,,1199,,144,,,43,,04/01/2020 16:22,Not agree,Not agree
10/04/2020,FL,707751,,,1813,252,14671,,,43,0,10/05/2020 13:49,Not agree,Not agree
06/18/2020,FL,83854,,,3178,0,3061,,,43,0,06/19/2020 03:01:11 PM,Not agree,Not agree
06/19/2020,FL,87643,,,3789,0,3104,,,43,0,06/20/2020 02:15:45 PM,Not agree,Not agree
06/24/2020,FL,106743,,,5440,0,3281,,,43,0,06/25/2020 02:07:27 PM,Not agree,Not agree
05/20/2020,FL,47471,,,527,0,2096,,,44,0,05/21/2020 03:41:38 PM,Not agree,Not agree
04/21/2020,FL,27127,,,798,0,867,,,44,0,04/21/2020 04:22:39 PM,Not agree,Not agree
05/12/2020,FL,41923,,,941,0,1779,,,44,0,05/13/2020 03:26:08 PM,Not agree,Not agree
09/08/2020,FL,642775,,,1797,130,11915,,,44,0,09/09/2020 13:47,Not agree,Not agree
11/14/2020,FL,862990,,,4405,1295,17489,,,44,3,11/15/2020 03:12:13 PM,Not agree,Not agree
05/28/2020,FL,51918,,,0,0,2364,,,45,0,05/29/2020 02:19:55 PM,Not agree,Not agree
11/02/2020,FL,801371,,,4569,2415,16834,,,45,6,11/03/2020 14:57,Not agree,Not agree
07/01/2020,FL,156288,,,6507,0,3550,,,45,0,07/02/2020 15:10,Not agree,Not agree
07/12/2020,FL,266119,,,15135,31,4242,,,45,0,07/13/2020 03:19:34 PM,Not agree,Not agree
05/22/2020,FL,49451,,,776,0,2190,,,46,0,05/23/2020 05:58:16 PM,Not agree,Not agree
05/09/2020,FL,40001,,,802,0,1715,,,46,0,05/10/2020 21:26,Not agree,Not agree
05/01/2020,FL,34728,,,1038,0,1314,,,46,0,05/02/2020 15:47,Not agree,Not agree
06/25/2020,FL,111724,,,4981,0,3327,,,46,0,06/26/2020 07:18:27 PM,Not agree,Not agree
04/29/2020,FL,32318,,,332,0,1218,,,47,0,04/30/2020 04:07:01 PM,Not agree,Not agree
06/11/2020,FL,67456,,,1677,0,2848,,,47,0,06/12/2020 14:17,Not agree,Not agree
05/16/2020,FL,44811,,,1871,0,1964,,,47,0,05/17/2020 03:27:46 PM,Not agree,Not agree
07/06/2020,FL,203376,,,6300,9,3778,,,47,1,07/07/2020 14:58,Not agree,Not agree
05/13/2020,FL,42402,,,479,0,1827,,,48,0,05/14/2020 05:25:44 PM,Not agree,Not agree
05/14/2020,FL,43210,,,808,0,1875,,,48,0,05/15/2020 04:11:22 PM,Not agree,Not agree
04/09/2020,FL,16323,,,1089,,371,,,48,,04/08/2020 16:22,Not agree,Not agree
04/10/2020,FL,17448,,,1125,,419,,,48,,04/09/2020 16:22,Not agree,Not agree
05/21/2020,FL,48675,,,1204,0,2144,,,48,0,05/22/2020 03:31:45 PM,Not agree,Not agree
10/12/2020,FL,726934,,,1519,167,15412,,,48,2,10/13/2020 01:29:38 PM,Not agree,Not agree
06/13/2020,FL,71589,,,2248,0,2925,,,48,0,06/14/2020 02:19:43 PM,Not agree,Not agree
04/20/2020,FL,26329,,,731,0,823,,,49,0,04/20/2020 04:22:39 PM,Not agree,Not agree
05/29/2020,FL,53114,,,1196,0,2413,,,49,0,05/30/2020 03:47:59 PM,Not agree,Not agree
05/02/2020,FL,35463,,,735,0,1364,,,50,0,05/03/2020 15:36,Not agree,Not agree
04/30/2020,FL,33690,,,1372,0,1268,,,50,0,05/01/2020 21:00,Not agree,Not agree
10/18/2020,FL,745492,,,2474,272,15967,,,50,2,10/19/2020 02:06:44 PM,Not agree,Not agree
08/23/2020,FL,594287,,,3004,55,10325,,,51,0,08/24/2020 01:54:34 PM,Not agree,Not agree
11/11/2020,FL,846321,,,5669,1525,17300,,,52,0,11/12/2020 14:55,Not agree,Not agree
06/09/2020,FL,64448,,,1070,0,2765,,,53,0,06/10/2020 20:56,Not agree,Not agree
06/05/2020,FL,59993,,,1292,0,2660,,,53,0,06/06/2020 14:31,Not agree,Not agree
11/06/2020,FL,821526,,,5150,1438,17014,,,53,4,11/07/2020 14:45,Not agree,Not agree
04/16/2020,FL,22674,,,809,,668,,,54,,04/16/2020 04:22:39 PM,Not agree,Not agree
10/19/2020,FL,747183,,,1691,183,16021,,,54,0,10/20/2020 02:59:27 PM,Not agree,Not agree
05/19/2020,FL,46944,,,502,0,2052,,,55,0,05/20/2020 03:28:26 PM,Not agree,Not agree
10/06/2020,FL,711358,,,2202,471,14767,,,55,2,10/07/2020 13:45,Not agree,Not agree
06/16/2020,FL,78128,,,2740,0,2993,,,55,0,06/17/2020 03:06:04 PM,Not agree,Not agree
10/27/2020,FL,776215,,,4226,985,16505,,,56,3,10/28/2020 01:52:28 PM,Not agree,Not agree
11/03/2020,FL,805924,,,4553,1252,16890,,,56,1,11/04/2020 15:03,Not agree,Not agree
07/09/2020,FL,229367,,,8891,52,4009,,,56,1,07/10/2020 15:35,Not agree,Not agree
10/22/2020,FL,758306,,,5461,990,16267,,,57,1,10/23/2020 01:44:31 PM,Not agree,Not agree
04/17/2020,FL,24066,,,1392,,726,,,58,,04/17/2020 04:22:39 PM,Not agree,Not agree
11/09/2020,FL,836370,,,3845,1772,17179,,,58,4,11/10/2020 14:45,Not agree,Not agree
06/30/2020,FL,149781,,,5976,0,3505,,,58,0,07/01/2020 15:45,Not agree,Not agree
11/29/2020,FL,976944,,,7131,2295,18500,,,58,1,11/30/2020 02:51:40 PM,Not agree,Not agree
04/24/2020,FL,29707,,,864,0,1046,,,59,0,05/25/2020 03:38:40 PM,Not agree,Not agree
05/27/2020,FL,52634,,,379,0,2319,,,60,0,05/28/2020 03:12:25 PM,Not agree,Not agree
04/22/2020,FL,27791,,,664,0,927,,,60,0,04/22/2020 04:22:39 PM,Not agree,Not agree
04/23/2020,FL,28843,,,1052,0,987,,,60,0,05/25/2020 03:38:40 PM,Not agree,Not agree
05/07/2020,FL,38828,,,826,0,1600,,,61,0,05/08/2020 21:26,Not agree,Not agree
09/05/2020,FL,636653,,,3593,377,11811,,,61,1,09/06/2020 14:09,Not agree,Not agree
11/22/2020,FL,924614,,,6374,1302,17991,,,61,1,11/23/2020 03:04:35 PM,Not agree,Not agree
09/19/2020,FL,673194,,,3510,339,13287,,,62,9,09/20/2020 01:53:10 PM,Not agree,Not agree
08/02/2020,FL,481668,,,7047,4,7084,,,62,0,08/03/2020 14:31,Not agree,Not agree
07/07/2020,FL,210594,,,7218,80,3841,,,63,1,07/08/2020 14:12,Not agree,Not agree
10/14/2020,FL,732399,,,2808,654,15595,,,64,5,10/15/2020 01:30:46 PM,Not agree,Not agree
06/23/2020,FL,101303,,,3256,0,3238,,,65,0,06/24/2020 03:03:27 PM,Not agree,Not agree
10/28/2020,FL,780220,,,4005,1257,16571,,,66,3,10/29/2020 02:11:33 PM,Not agree,Not agree
07/03/2020,FL,175718,,,9415,0,3684,,,67,0,07/04/2020 15:30,Not agree,Not agree
07/02/2020,FL,166303,,,10015,0,3617,,,67,0,07/03/2020 15:01,Not agree,Not agree
05/06/2020,FL,38002,,,563,0,1539,,,68,0,05/07/2020 22:59,Not agree,Not agree
08/31/2020,FL,616629,,,1876,103,11187,,,68,0,09/01/2020 14:09,Not agree,Not agree
05/08/2020,FL,39199,,,371,0,1669,,,69,0,05/09/2020 21:26,Not agree,Not agree
11/10/2020,FL,840652,,,4282,1017,17248,,,69,4,11/11/2020 15:15,Not agree,Not agree
06/02/2020,FL,56001,,,586,0,2530,,,70,0,06/03/2020 14:11,Not agree,Not agree
12/12/2020,FL,1098341,,,10385,3063,19785,,,71,6,12/13/2020 02:31:19 PM,Not agree,Not agree
05/05/2020,FL,37439,,,542,0,1471,,,72,0,05/06/2020 16:23,Not agree,Not agree
04/14/2020,FL,20984,,,590,,571,,,72,,04/13/2020 04:22:39 PM,Not agree,Not agree
08/24/2020,FL,596511,,,2224,262,10397,,,72,1,08/25/2020 02:02:54 PM,Not agree,Not agree
10/30/2020,FL,789714,,,5383,1191,16720,,,72,6,10/31/2020 01:30:31 PM,Not agree,Not agree
11/12/2020,FL,851825,,,5504,1288,17372,,,72,2,11/13/2020 02:54:34 PM,Not agree,Not agree
11/24/2020,FL,938830,,,8102,2661,18157,,,72,6,11/25/2020 02:53:15 PM,Not agree,Not agree
12/19/2020,FL,1173409,,,11456,3839,20473,,,72,7,12/20/2020 02:32:33 PM,Not agree,Not agree
10/23/2020,FL,761924,,,3618,870,16340,,,73,4,10/24/2020 01:26:44 PM,Not agree,Not agree
11/13/2020,FL,858585,,,6760,2009,17445,,,73,6,11/14/2020 02:44:40 PM,Not agree,Not agree
10/03/2020,FL,705938,,,2726,414,14628,,,74,2,10/04/2020 13:35,Not agree,Not agree
12/22/2020,FL,1202660,,,10204,3302,20754,,,74,7,12/23/2020 02:36:58 PM,Not agree,Not agree
10/29/2020,FL,784331,,,4111,1131,16648,,,77,4,10/30/2020 01:37:23 PM,Not agree,Not agree
10/24/2020,FL,766305,,,4381,754,16417,,,77,-1,10/25/2020 01:45:35 PM,Not agree,Not agree
08/09/2020,FL,527036,,,6190,49,8186,,,77,1,08/10/2020 14:23,Not agree,Not agree
12/27/2020,FL,1250275,,,7157,4040,21212,,,77,11,12/28/2020 02:42:49 PM,Not agree,Not agree
07/27/2020,FL,427698,,,8854,95,5931,,,77,0,07/28/2020 02:21:07 PM,Not agree,Not agree
07/26/2020,FL,418844,,,9259,41,5854,,,77,0,07/27/2020 02:16:42 PM,Not agree,Not agree
11/28/2020,FL,969813,,,6062,728,18442,,,79,2,11/29/2020 02:49:08 PM,Not agree,Not agree
11/19/2020,FL,901234,,,8882,2353,17810,,,79,6,11/20/2020 03:06:16 PM,Not agree,Not agree
12/15/2020,FL,1124742,,,9296,3107,20082,,,79,7,12/16/2020 02:28:57 PM,Not agree,Not agree
11/20/2020,FL,910065,,,8831,2132,17890,,,80,5,11/21/2020 02:59:41 PM,Not agree,Not agree
12/13/2020,FL,1107103,,,8762,2556,19866,,,81,6,12/14/2020 02:36:45 PM,Not agree,Not agree
12/01/2020,FL,991910,,,8540,5001,18679,,,82,16,12/02/2020 15:48,Not agree,Not agree
04/28/2020,FL,31986,,,696,0,1171,,,83,0,04/29/2020 06:12:08 PM,Not agree,Not agree
10/20/2020,FL,750739,,,3556,611,16105,,,84,6,10/21/2020 01:34:31 PM,Not agree,Not agree
12/09/2020,FL,1065476,,,9411,5644,19462,,,84,15,12/10/2020 14:50,Not agree,Not agree
11/17/2020,FL,884625,,,7285,1948,17644,,,85,3,11/18/2020 02:57:46 PM,Not agree,Not agree
11/07/2020,FL,825906,,,4380,1139,17100,,,86,8,11/08/2020 14:40,Not agree,Not agree
08/17/2020,FL,570024,,,2649,22,9539,,,87,2,08/18/2020 02:26:55 PM,Not agree,Not agree
10/17/2020,FL,743018,,,3968,544,15917,,,87,4,10/18/2020 01:26:54 PM,Not agree,Not agree
11/18/2020,FL,892352,,,7727,2280,17731,,,87,7,11/19/2020 03:01:36 PM,Not agree,Not agree
07/19/2020,FL,345612,,,12411,-1656,4982,,,87,-8,07/20/2020 02:35:44 PM,Not agree,Not agree
08/28/2020,FL,609074,,,3732,258,10957,,,89,3,08/29/2020 01:42:50 PM,Not agree,Not agree
12/05/2020,FL,1032552,,,10198,2514,19084,,,90,8,12/06/2020 14:51,Not agree,Not agree
07/18/2020,FL,333201,,,10199,91,4895,,,90,-1,07/19/2020 03:05:47 PM,Not agree,Not agree
07/20/2020,FL,355899,,,10287,1782,5072,,,90,10,07/21/2020 02:50:17 PM,Not agree,Not agree
11/26/2020,FL,963765,,,16809,7191,18344,,,90,8,11/27/2020 03:07:59 PM,Not agree,Not agree
12/06/2020,FL,1040727,,,8175,1937,19177,,,93,4,12/07/2020 14:38,Not agree,Not agree
07/10/2020,FL,240710,,,11343,-905,4102,,,93,-4,07/11/2020 18:25,Not agree,Not agree
10/16/2020,FL,739050,,,3365,661,15830,,,94,3,10/17/2020 02:09:18 PM,Not agree,Not agree
11/23/2020,FL,930728,,,6114,1882,18085,,,94,1,11/24/2020 03:27:55 PM,Not agree,Not agree
12/20/2020,FL,1181549,,,8140,2718,20568,,,95,10,12/21/2020 02:39:53 PM,Not agree,Not agree
07/11/2020,FL,250984,,,10274,1014,4197,,,95,4,07/12/2020 15:13,Not agree,Not agree
12/08/2020,FL,1056065,,,7801,0,19378,,,96,0,12/09/2020 14:45,Not agree,Not agree
12/28/2020,FL,1258315,,,8040,2824,21308,,,96,11,12/29/2020 02:56:32 PM,Not agree,Not agree
12/18/2020,FL,1161953,,,12827,4137,20401,,,96,7,12/19/2020 02:42:31 PM,Not agree,Not agree
11/30/2020,FL,983370,,,6426,0,18597,,,97,0,12/01/2020 15:26,Not agree,Not agree
11/25/2020,FL,946956,,,8126,0,18254,,,97,0,11/26/2020 02:44:21 PM,Not agree,Not agree
12/02/2020,FL,1001800,,,9890,0,18776,,,97,0,12/03/2020 15:21,Not agree,Not agree
09/12/2020,FL,654090,,,3168,428,12600,,,98,2,09/13/2020 04:17:15 PM,Not agree,Not agree
12/03/2020,FL,1012456,,,10656,6582,18874,,,98,9,12/04/2020 15:00,Not agree,Not agree
09/22/2020,FL,679776,,,2414,392,13416,,,99,3,09/23/2020 01:51:22 PM,Not agree,Not agree
09/04/2020,FL,633060,,,3147,319,11750,,,100,7,09/05/2020 14:09,Not agree,Not agree
12/29/2020,FL,1270063,,,11748,5637,21409,,,101,17,12/30/2020 02:56:20 PM,Not agree,Not agree
12/17/2020,FL,1149126,,,13102,3497,20305,,,101,4,12/18/2020 02:45:01 PM,Not agree,Not agree
10/21/2020,FL,752845,,,2106,688,16210,,,105,6,10/22/2020 01:34:46 PM,Not agree,Not agree
12/07/2020,FL,1048264,,,7537,1851,19282,,,105,6,12/08/2020 14:59,Not agree,Not agree
09/29/2020,FL,696171,,,3209,408,14143,,,106,9,09/30/2020 02:17:41 PM,Not agree,Not agree
08/22/2020,FL,591283,,,4260,168,10274,,,106,1,08/23/2020 02:15:28 PM,Not agree,Not agree
09/26/2020,FL,690387,,,2731,666,14022,,,107,8,09/27/2020 01:39:49 PM,Not agree,Not agree
08/16/2020,FL,567375,,,3747,17,9452,,,107,2,08/17/2020 02:26:31 PM,Not agree,Not agree
10/02/2020,FL,703212,,,2610,378,14554,,,110,8,10/03/2020 13:39,Not agree,Not agree
08/04/2020,FL,491773,,,5347,146,7402,,,110,0,08/05/2020 14:13,Not agree,Not agree
07/08/2020,FL,220476,,,9882,66,3953,,,112,1,07/09/2020 15:14,Not agree,Not agree
07/15/2020,FL,297876,,,10087,74,4521,,,112,0,07/16/2020 02:22:21 PM,Not agree,Not agree
12/21/2020,FL,1192456,,,10907,2004,20680,,,112,10,12/22/2020 02:35:48 PM,Not agree,Not agree
08/20/2020,FL,582407,,,4516,280,10049,,,117,1,08/21/2020 02:27:34 PM,Not agree,Not agree
10/09/2020,FL,720001,,,2853,307,15186,,,118,2,10/10/2020 13:30,Not agree,Not agree
10/13/2020,FL,729591,,,2657,397,15531,,,119,4,10/14/2020 01:28:39 PM,Not agree,Not agree
08/21/2020,FL,587023,,,4616,343,10168,,,119,4,08/22/2020 02:21:09 PM,Not agree,Not agree
09/25/2020,FL,687656,,,2809,0,13915,,,120,0,09/26/2020 01:46:07 PM,Not agree,Not agree
08/06/2020,FL,504768,,,7587,208,7747,,,120,6,08/07/2020 23:57,Not agree,Not agree
12/04/2020,FL,1022354,,,9898,2375,18994,,,120,7,12/05/2020 14:29,Not agree,Not agree
12/23/2020,FL,1213760,,,11100,0,20874,,,120,0,12/24/2020 02:31:20 PM,Not agree,Not agree
12/24/2020,FL,1226530,,,12770,0,20995,,,121,0,12/25/2020 02:25:34 PM,Not agree,Not agree
12/16/2020,FL,1136024,,,11282,4196,20204,,,122,9,12/17/2020 02:33:42 PM,Not agree,Not agree
12/11/2020,FL,1087956,,,11409,3380,19714,,,123,9,12/12/2020 14:59,Not agree,Not agree
07/25/2020,FL,409585,,,12115,72,5777,,,124,1,07/26/2020 03:17:16 PM,Not agree,Not agree
09/02/2020,FL,626426,,,2310,317,11501,,,127,1,09/03/2020 14:18,Not agree,Not agree
10/01/2020,FL,700602,,,2551,532,14444,,,127,4,10/02/2020 13:40,Not agree,Not agree
12/31/2020,FL,1300528,,,16827,0,21673,,,127,0,01/01/2021 14:49,Not agree,Not agree
07/17/2020,FL,323002,,,11362,131,4805,,,128,1,07/18/2020 04:14:26 PM,Not agree,Not agree
12/10/2020,FL,1076547,,,11071,3707,19591,,,129,8,12/11/2020 15:06,Not agree,Not agree
07/14/2020,FL,287789,,,9122,60,4409,,,132,1,07/15/2020 03:05:12 PM,Not agree,Not agree
07/21/2020,FL,365244,,,9345,84,5206,,,134,0,07/22/2020 02:51:28 PM,Not agree,Not agree
08/27/2020,FL,605342,,,3229,325,10868,,,135,2,08/28/2020 01:43:49 PM,Not agree,Not agree
07/24/2020,FL,397470,,,12379,257,5653,,,135,1,07/25/2020 05:40:06 PM,Not agree,Not agree
10/07/2020,FL,713902,,,2544,518,14904,,,137,6,10/08/2020 13:56,Not agree,Not agree
12/14/2020,FL,1115446,,,8343,2546,20003,,,137,3,12/15/2020 02:39:02 PM,Not agree,Not agree
12/30/2020,FL,1283701,,,13638,5649,21546,,,137,14,12/31/2020 02:55:07 PM,Not agree,Not agree
09/18/2020,FL,669684,,,3177,290,13225,,,139,3,09/19/2020 02:00:26 PM,Not agree,Not agree
07/22/2020,FL,374920,,,9676,46,5345,,,139,1,07/23/2020 02:48:19 PM,Not agree,Not agree
12/26/2020,FL,1243118,,,16588,0,21135,,,140,0,12/27/2020 02:44:47 PM,Not agree,Not agree
10/15/2020,FL,735685,,,3286,662,15736,,,141,4,10/16/2020 01:33:55 PM,Not agree,Not agree
09/15/2020,FL,660946,,,2743,263,12787,,,145,7,09/16/2020 01:53:41 PM,Not agree,Not agree
09/17/2020,FL,666507,,,3273,369,13086,,,147,5,09/18/2020 01:48:37 PM,Not agree,Not agree
08/29/2020,FL,612206,,,3132,0,11105,,,148,0,08/30/2020 02:49:52 PM,Not agree,Not agree
08/13/2020,FL,551232,,,6192,172,8913,,,148,0,08/14/2020 02:30:03 PM,Not agree,Not agree
09/03/2020,FL,629913,,,3487,388,11650,,,149,4,09/04/2020 13:36,Not agree,Not agree
09/16/2020,FL,663234,,,2288,382,12939,,,152,3,09/17/2020 01:45:45 PM,Not agree,Not agree
08/26/2020,FL,602113,,,2937,322,10733,,,153,0,08/27/2020 01:42:08 PM,Not agree,Not agree
07/16/2020,FL,311640,,,13764,85,4677,,,156,3,07/17/2020 02:31:01 PM,Not agree,Not agree
10/08/2020,FL,717148,,,3246,419,15068,,,164,5,10/09/2020 13:43,Not agree,Not agree
08/10/2020,FL,531188,,,4152,68,8359,,,173,3,08/11/2020 14:16,Not agree,Not agree
07/23/2020,FL,385091,,,10171,132,5518,,,173,0,07/24/2020 02:18:40 PM,Not agree,Not agree
09/30/2020,FL,698051,,,1880,264,14317,,,174,2,10/01/2020 13:42,Not agree,Not agree
08/19/2020,FL,577891,,,4080,162,9932,,,174,2,08/20/2020 03:11:45 PM,Not agree,Not agree
09/11/2020,FL,650922,,,3604,390,12502,,,176,4,09/12/2020 14:12,Not agree,Not agree
09/24/2020,FL,684847,,,2477,362,13795,,,177,5,09/25/2020 01:54:10 PM,Not agree,Not agree
10/11/2020,FL,725415,,,5414,750,15364,,,178,1,10/12/2020 14:07,Not agree,Not agree
08/01/2020,FL,474621,,,9591,116,7022,,,179,2,08/02/2020 14:54,Not agree,Not agree
08/07/2020,FL,512421,,,7653,327,7927,,,180,2,08/08/2020 14:58,Not agree,Not agree
08/08/2020,FL,520846,,,8425,156,8109,,,182,2,08/09/2020 14:03,Not agree,Not agree
08/25/2020,FL,599176,,,2665,267,10580,,,183,2,08/26/2020 01:51:40 PM,Not agree,Not agree
07/28/2020,FL,436867,,,9169,189,6117,,,186,2,07/29/2020 02:34:46 PM,Not agree,Not agree
09/01/2020,FL,624116,,,7487,356,11374,,,187,1,09/02/2020 13:49,Not agree,Not agree
08/11/2020,FL,536981,,,5793,153,8553,,,194,1,08/12/2020 13:50,Not agree,Not agree
09/09/2020,FL,644781,,,2006,365,12115,,,200,5,09/10/2020 14:02,Not agree,Not agree
09/23/2020,FL,682370,,,2594,447,13618,,,202,3,09/24/2020 01:54:02 PM,Not agree,Not agree
08/15/2020,FL,563628,,,6291,120,9345,,,204,3,08/16/2020 02:57:14 PM,Not agree,Not agree
08/03/2020,FL,486426,,,4758,51,7292,,,208,1,08/04/2020 14:09,Not agree,Not agree
09/10/2020,FL,647318,,,2537,414,12326,,,211,2,09/11/2020 13:51,Not agree,Not agree
08/12/2020,FL,545040,,,8059,145,8765,,,212,0,08/13/2020 02:12:28 PM,Not agree,Not agree
07/29/2020,FL,446251,,,9384,225,6333,,,216,1,07/30/2020 02:42:43 PM,Not agree,Not agree
08/18/2020,FL,573811,,,3787,154,9758,,,219,1,08/19/2020 02:23:51 PM,Not agree,Not agree
08/05/2020,FL,497181,,,5408,220,7627,,,225,1,08/06/2020 14:12,Not agree,Not agree
08/14/2020,FL,557337,,,6105,132,9141,,,228,2,08/15/2020 02:02:05 PM,Not agree,Not agree
07/30/2020,FL,456105,,,9854,0,6586,,,253,0,07/31/2020 02:35:06 PM,Not agree,Not agree
07/31/2020,FL,465030,,,8925,467,6843,,,257,4,08/01/2020 14:38,Not agree,Not agree
